short,urls,created_by
generate,reserved,admin
signup,reserved,admin
delete,reserved,admin
user,reserved,admin
admin,reserved,admin
signout,reserved,admin
verify,reserved,admin
o4k6,https://stackoverflow.com/questions/13411544/delete-a-column-from-a-pandas-dataframe,
v6i9,https://stackoverflow.com/questions/13411544/delete-a-column-from-a-pandas-dataframe,
w3u7,https://pagespeed.web.dev/,
i9d2,https://www.codegrepper.com/code-examples/python/python+pandas+write+csv+file+without+index,
g8o5,https://www.codegrepper.com/code-examples/python/python+pandas+write+csv+file+without+index,sameer
e7x0,https://www.codegrepper.com/code-examples/python/python+pandas+write+csv+file+without+index,
y3q4,https://www.codegrepper.com/code-examples/python/python+pandas+write+csv+file+without+index,
d0l5,https://www.codegrepper.com/code-examples/python/python+pandas+write+csv+file+without+index,sameer
y3c3,https://www.codegrepper.com/code-examples/python/python+pandas+write+csv+file+without+index,
b5p7,https://tastybones.xyz/,sameer
o8s5,https://sweetcone.cf/,
x7a5,https://www.codegrepper.com/code-examples/python/python+pandas+write+csv+file+without+index,sameer
n8r9,https://pagespeed.web.dev/,sameer
youtube,https://www.youtube.com/watch?v=K2zpY5LIIp0,sameer
y5d0,https://tastybones.xyz/,sameer
